"Data","Hora","Abertura","Máxima","Mínima","Fechamento","ULT","Compradores","Vendedores","Saldo"
"25/07/2022","17:59:57","5.364,0000","5.365,5000","5.364,0000","5.364,5000","5.364,5000","26,0000","-101,0000","-75,0000"
"25/07/2022","17:58:40","5.366,5000","5.367,5000","5.364,0000","5.364,0000","5.364,5000","984,0000","-3.389,0000","-2.405,0000"
"25/07/2022","17:55:28","5.369,0000","5.370,5000","5.366,5000","5.366,5000","5.364,5000","2.656,0000","-2.125,0000","531,0000"
"25/07/2022","17:55:21","5.366,5000","5.369,0000","5.366,5000","5.369,0000","5.364,5000","248,0000","-324,0000","-76,0000"
"25/07/2022","17:55:14","5.369,0000","5.371,0000","5.366,5000","5.366,5000","5.364,5000","334,0000","-1.407,0000","-1.073,0000"
"25/07/2022","17:53:12","5.371,5000","5.372,0000","5.369,0000","5.369,0000","5.364,5000","1.485,0000","-3.005,0000","-1.520,0000"
"25/07/2022","17:51:56","5.369,0000","5.371,5000","5.368,0000","5.371,5000","5.364,5000","1.922,0000","-1.009,0000","913,0000"
"25/07/2022","17:51:26","5.371,5000","5.372,0000","5.369,0000","5.369,0000","5.364,5000","416,0000","-750,0000","-334,0000"
"25/07/2022","17:50:58","5.369,0000","5.371,5000","5.368,0000","5.371,5000","5.364,5000","1.029,0000","-188,0000","841,0000"
"25/07/2022","17:48:52","5.366,5000","5.369,0000","5.365,5000","5.369,0000","5.364,5000","3.971,0000","-3.883,0000","88,0000"
"25/07/2022","17:47:55","5.369,0000","5.369,5000","5.366,5000","5.366,5000","5.364,5000","2.989,0000","-3.588,0000","-599,0000"
"25/07/2022","17:46:32","5.371,5000","5.373,0000","5.369,0000","5.369,0000","5.364,5000","1.351,0000","-5.259,0000","-3.908,0000"
"25/07/2022","17:45:04","5.374,0000","5.375,0000","5.371,5000","5.371,5000","5.364,5000","2.534,0000","-5.030,0000","-2.496,0000"
"25/07/2022","17:42:17","5.376,5000","5.378,0000","5.374,0000","5.374,0000","5.364,5000","1.785,0000","-3.678,0000","-1.893,0000"
"25/07/2022","17:34:45","5.379,0000","5.380,0000","5.376,5000","5.376,5000","5.364,5000","5.446,0000","-5.327,0000","119,0000"
"25/07/2022","17:28:44","5.376,5000","5.379,0000","5.374,5000","5.379,0000","5.364,5000","8.675,0000","-7.510,0000","1.165,0000"
"25/07/2022","17:28:18","5.379,0000","5.379,5000","5.376,5000","5.376,5000","5.364,5000","651,0000","-2.894,0000","-2.243,0000"
"25/07/2022","17:25:50","5.381,5000","5.382,0000","5.379,0000","5.379,0000","5.364,5000","1.182,0000","-1.727,0000","-545,0000"
"25/07/2022","17:24:48","5.379,0000","5.381,5000","5.379,0000","5.381,5000","5.364,5000","1.198,0000","-508,0000","690,0000"
"25/07/2022","17:20:04","5.381,5000","5.382,5000","5.379,0000","5.379,0000","5.364,5000","4.350,0000","-4.647,0000","-297,0000"
"25/07/2022","17:19:32","5.379,0000","5.381,5000","5.379,0000","5.381,5000","5.364,5000","820,0000","-336,0000","484,0000"
"25/07/2022","17:19:15","5.381,5000","5.381,5000","5.379,0000","5.379,0000","5.364,5000","466,0000","-1.095,0000","-629,0000"
"25/07/2022","17:18:38","5.379,0000","5.381,5000","5.378,0000","5.381,5000","5.364,5000","3.926,0000","-1.152,0000","2.774,0000"
"25/07/2022","17:18:14","5.376,5000","5.379,0000","5.376,5000","5.379,0000","5.364,5000","937,0000","-640,0000","297,0000"
"25/07/2022","17:17:50","5.379,0000","5.379,5000","5.376,5000","5.376,5000","5.364,5000","1.636,0000","-1.963,0000","-327,0000"
"25/07/2022","17:06:41","5.376,5000","5.379,0000","5.374,5000","5.379,0000","5.364,5000","10.306,0000","-6.740,0000","3.566,0000"
"25/07/2022","17:03:47","5.374,0000","5.376,5000","5.372,0000","5.376,5000","5.364,5000","6.571,0000","-3.326,0000","3.245,0000"
"25/07/2022","17:03:33","5.371,5000","5.374,0000","5.370,0000","5.374,0000","5.364,5000","2.908,0000","-2.796,0000","112,0000"
"25/07/2022","17:03:33","5.374,0000","5.374,0000","5.371,5000","5.371,5000","5.364,5000","24,0000","-245,0000","-221,0000"
"25/07/2022","17:03:33","5.371,5000","5.374,0000","5.370,0000","5.374,0000","5.364,5000","102,0000","-2.424,0000","-2.322,0000"
"25/07/2022","17:03:33","5.374,0000","5.375,0000","5.371,5000","5.371,5000","5.364,5000","41,0000","-2.230,0000","-2.189,0000"
"25/07/2022","17:02:00","5.376,5000","5.378,5000","5.374,0000","5.374,0000","5.364,5000","1.930,0000","-3.659,0000","-1.729,0000"
"25/07/2022","16:59:14","5.379,0000","5.380,0000","5.376,5000","5.376,5000","5.364,5000","3.368,0000","-5.609,0000","-2.241,0000"
"25/07/2022","16:57:57","5.381,5000","5.382,5000","5.379,0000","5.379,0000","5.364,5000","1.876,0000","-3.089,0000","-1.213,0000"
"25/07/2022","16:57:47","5.379,0000","5.381,5000","5.379,0000","5.381,5000","5.364,5000","2.030,0000","-271,0000","1.759,0000"
"25/07/2022","16:52:07","5.381,5000","5.382,5000","5.379,0000","5.379,0000","5.364,5000","4.791,0000","-7.988,0000","-3.197,0000"
"25/07/2022","16:43:29","5.384,0000","5.384,5000","5.381,5000","5.381,5000","5.364,5000","5.480,0000","-5.456,0000","24,0000"
"25/07/2022","16:32:44","5.381,5000","5.384,0000","5.380,5000","5.384,0000","5.364,5000","9.442,0000","-5.857,0000","3.585,0000"
"25/07/2022","16:32:12","5.379,0000","5.381,5000","5.378,5000","5.381,5000","5.364,5000","1.615,0000","-1.352,0000","263,0000"
"25/07/2022","16:30:36","5.381,5000","5.382,5000","5.379,0000","5.379,0000","5.364,5000","950,0000","-2.970,0000","-2.020,0000"
"25/07/2022","16:15:32","5.384,0000","5.385,0000","5.381,5000","5.381,5000","5.364,5000","10.445,0000","-10.554,0000","-109,0000"
"25/07/2022","16:14:03","5.381,5000","5.384,0000","5.380,0000","5.384,0000","5.364,5000","1.843,0000","-2.826,0000","-983,0000"
"25/07/2022","16:07:30","5.384,0000","5.386,0000","5.381,5000","5.381,5000","5.364,5000","11.409,0000","-8.966,0000","2.443,0000"
"25/07/2022","16:02:32","5.381,5000","5.384,0000","5.380,5000","5.384,0000","5.364,5000","7.038,0000","-3.338,0000","3.700,0000"
"25/07/2022","16:01:58","5.379,0000","5.381,5000","5.379,0000","5.381,5000","5.364,5000","948,0000","-407,0000","541,0000"
"25/07/2022","16:01:33","5.381,5000","5.381,5000","5.379,0000","5.379,0000","5.364,5000","1.030,0000","-848,0000","182,0000"
"25/07/2022","16:00:38","5.379,0000","5.381,5000","5.378,0000","5.381,5000","5.364,5000","5.208,0000","-1.659,0000","3.549,0000"
"25/07/2022","15:54:19","5.376,5000","5.379,0000","5.375,5000","5.379,0000","5.364,5000","10.186,0000","-6.651,0000","3.535,0000"
"25/07/2022","15:53:12","5.379,0000","5.380,0000","5.376,5000","5.376,5000","5.364,5000","1.498,0000","-2.647,0000","-1.149,0000"
"25/07/2022","15:52:43","5.376,5000","5.379,0000","5.376,0000","5.379,0000","5.364,5000","1.311,0000","-903,0000","408,0000"
"25/07/2022","15:52:02","5.379,0000","5.380,5000","5.376,5000","5.376,5000","5.364,5000","2.067,0000","-3.975,0000","-1.908,0000"
"25/07/2022","15:47:18","5.381,5000","5.383,0000","5.379,0000","5.379,0000","5.364,5000","9.320,0000","-8.765,0000","555,0000"
"25/07/2022","15:46:55","5.379,0000","5.381,5000","5.378,5000","5.381,5000","5.364,5000","2.999,0000","-446,0000","2.553,0000"
"25/07/2022","15:44:58","5.376,5000","5.379,0000","5.374,5000","5.379,0000","5.364,5000","7.169,0000","-3.762,0000","3.407,0000"
"25/07/2022","15:44:45","5.374,0000","5.376,5000","5.374,0000","5.376,5000","5.364,5000","1.817,0000","-3.060,0000","-1.243,0000"
"25/07/2022","15:44:38","5.376,5000","5.377,0000","5.374,0000","5.374,0000","5.364,5000","1.043,0000","-5.616,0000","-4.573,0000"
"25/07/2022","15:42:49","5.379,0000","5.380,0000","5.376,5000","5.376,5000","5.364,5000","2.981,0000","-5.544,0000","-2.563,0000"
"25/07/2022","15:42:25","5.381,5000","5.382,0000","5.379,0000","5.379,0000","5.364,5000","936,0000","-1.083,0000","-147,0000"
"25/07/2022","15:41:18","5.379,0000","5.381,5000","5.377,0000","5.381,5000","5.364,5000","5.030,0000","-3.914,0000","1.116,0000"
"25/07/2022","15:41:11","5.381,5000","5.382,0000","5.379,0000","5.379,0000","5.364,5000","79,0000","-1.641,0000","-1.562,0000"
"25/07/2022","15:40:27","5.384,0000","5.384,0000","5.381,5000","5.381,5000","5.364,5000","500,0000","-810,0000","-310,0000"
"25/07/2022","15:40:07","5.381,5000","5.384,0000","5.381,5000","5.384,0000","5.364,5000","843,0000","-907,0000","-64,0000"
"25/07/2022","15:39:16","5.384,0000","5.384,0000","5.381,5000","5.381,5000","5.364,5000","547,0000","-859,0000","-312,0000"
"25/07/2022","15:37:56","5.381,5000","5.384,0000","5.381,0000","5.384,0000","5.364,5000","4.195,0000","-2.658,0000","1.537,0000"
"25/07/2022","15:37:31","5.379,0000","5.381,5000","5.378,0000","5.381,5000","5.364,5000","5.223,0000","-2.096,0000","3.127,0000"
"25/07/2022","15:37:05","5.376,5000","5.379,0000","5.375,5000","5.379,0000","5.364,5000","3.478,0000","-5.205,0000","-1.727,0000"
"25/07/2022","15:36:52","5.379,0000","5.380,5000","5.376,5000","5.376,5000","5.364,5000","2.461,0000","-4.119,0000","-1.658,0000"
"25/07/2022","15:36:35","5.381,5000","5.382,5000","5.379,0000","5.379,0000","5.364,5000","1.222,0000","-4.925,0000","-3.703,0000"
"25/07/2022","15:36:16","5.384,0000","5.384,5000","5.381,5000","5.381,5000","5.364,5000","626,0000","-4.564,0000","-3.938,0000"
"25/07/2022","15:35:52","5.386,5000","5.388,0000","5.384,0000","5.384,0000","5.364,5000","1.448,0000","-4.566,0000","-3.118,0000"
"25/07/2022","15:34:06","5.389,0000","5.391,0000","5.386,5000","5.386,5000","5.364,5000","1.126,0000","-3.054,0000","-1.928,0000"
"25/07/2022","15:33:24","5.391,5000","5.392,0000","5.389,0000","5.389,0000","5.364,5000","2.359,0000","-2.719,0000","-360,0000"
"25/07/2022","15:27:29","5.389,0000","5.391,5000","5.388,0000","5.391,5000","5.364,5000","8.315,0000","-6.687,0000","1.628,0000"
"25/07/2022","15:26:33","5.386,5000","5.389,0000","5.386,0000","5.389,0000","5.364,5000","3.192,0000","-631,0000","2.561,0000"
"25/07/2022","15:26:03","5.384,0000","5.386,5000","5.383,5000","5.386,5000","5.364,5000","1.941,0000","-1.526,0000","415,0000"
"25/07/2022","15:25:05","5.386,5000","5.388,5000","5.384,0000","5.384,0000","5.364,5000","1.101,0000","-4.456,0000","-3.355,0000"
"25/07/2022","15:17:43","5.389,0000","5.391,0000","5.386,5000","5.386,5000","5.364,5000","13.963,0000","-10.888,0000","3.075,0000"
"25/07/2022","15:17:03","5.386,5000","5.389,0000","5.385,0000","5.389,0000","5.364,5000","7.420,0000","-6.227,0000","1.193,0000"
"25/07/2022","15:16:49","5.389,0000","5.390,0000","5.386,5000","5.386,5000","5.364,5000","3.966,0000","-7.191,0000","-3.225,0000"
"25/07/2022","15:16:49","5.391,5000","5.391,5000","5.389,0000","5.389,0000","5.364,5000","0,0000","-3.245,0000","-3.245,0000"
"25/07/2022","15:15:42","5.394,0000","5.396,0000","5.391,5000","5.391,5000","5.364,5000","2.793,0000","-5.059,0000","-2.266,0000"
"25/07/2022","15:12:14","5.396,5000","5.397,0000","5.394,0000","5.394,0000","5.364,5000","5.551,0000","-5.895,0000","-344,0000"
"25/07/2022","15:11:32","5.394,0000","5.396,5000","5.392,0000","5.396,5000","5.364,5000","8.329,0000","-9.607,0000","-1.278,0000"
"25/07/2022","15:11:32","5.396,5000","5.397,0000","5.394,0000","5.394,0000","5.364,5000","0,0000","-2.948,0000","-2.948,0000"
"25/07/2022","15:11:05","5.399,0000","5.399,5000","5.396,5000","5.396,5000","5.364,5000","646,0000","-3.484,0000","-2.838,0000"
"25/07/2022","14:56:12","5.401,5000","5.403,5000","5.399,0000","5.399,0000","5.364,5000","10.329,0000","-11.956,0000","-1.627,0000"
"25/07/2022","14:50:17","5.404,0000","5.404,5000","5.401,5000","5.401,5000","5.364,5000","7.853,0000","-8.021,0000","-168,0000"
"25/07/2022","14:37:59","5.401,5000","5.404,0000","5.400,0000","5.404,0000","5.364,5000","15.247,0000","-12.453,0000","2.794,0000"
"25/07/2022","14:37:16","5.399,0000","5.401,5000","5.399,0000","5.401,5000","5.364,5000","1.555,0000","-871,0000","684,0000"
"25/07/2022","14:34:36","5.401,5000","5.402,0000","5.399,0000","5.399,0000","5.364,5000","1.767,0000","-3.020,0000","-1.253,0000"
"25/07/2022","14:33:23","5.399,0000","5.401,5000","5.399,0000","5.401,5000","5.364,5000","1.720,0000","-2.238,0000","-518,0000"
"25/07/2022","14:31:56","5.401,5000","5.402,0000","5.399,0000","5.399,0000","5.364,5000","1.767,0000","-3.542,0000","-1.775,0000"
"25/07/2022","14:27:29","5.399,0000","5.401,5000","5.397,5000","5.401,5000","5.364,5000","6.878,0000","-6.966,0000","-88,0000"
"25/07/2022","14:24:11","5.401,5000","5.403,0000","5.399,0000","5.399,0000","5.364,5000","7.925,0000","-7.714,0000","211,0000"
"25/07/2022","14:21:56","5.399,0000","5.401,5000","5.397,0000","5.401,5000","5.364,5000","9.772,0000","-12.184,0000","-2.412,0000"
"25/07/2022","14:21:05","5.401,5000","5.403,0000","5.399,0000","5.399,0000","5.364,5000","661,0000","-4.750,0000","-4.089,0000"
"25/07/2022","14:11:15","5.404,0000","5.405,5000","5.401,5000","5.401,5000","5.364,5000","11.268,0000","-9.205,0000","2.063,0000"
"25/07/2022","14:10:49","5.401,5000","5.404,0000","5.401,5000","5.404,0000","5.364,5000","4.025,0000","-3.133,0000","892,0000"
"25/07/2022","14:10:49","5.404,0000","5.404,0000","5.401,5000","5.401,5000","5.364,5000","252,0000","-361,0000","-109,0000"
"25/07/2022","14:10:49","5.401,5000","5.404,0000","5.400,5000","5.404,0000","5.364,5000","11,0000","-4,0000","7,0000"
"25/07/2022","14:10:49","5.404,0000","5.405,0000","5.401,0000","5.401,5000","5.364,5000","384,0000","-62,0000","322,0000"
"25/07/2022","14:10:49","5.401,5000","5.404,0000","5.400,5000","5.404,0000","5.364,5000","132,0000","-2.842,0000","-2.710,0000"
"25/07/2022","14:10:49","5.404,0000","5.404,5000","5.401,5000","5.401,5000","5.364,5000","0,0000","-2.700,0000","-2.700,0000"
"25/07/2022","14:09:28","5.406,5000","5.407,5000","5.404,0000","5.404,0000","5.364,5000","1.506,0000","-5.085,0000","-3.579,0000"
"25/07/2022","14:02:49","5.409,0000","5.410,0000","5.406,5000","5.406,5000","5.364,5000","6.915,0000","-7.359,0000","-444,0000"
"25/07/2022","14:02:18","5.406,5000","5.409,0000","5.406,5000","5.409,0000","5.364,5000","1.009,0000","-339,0000","670,0000"
"25/07/2022","13:58:07","5.409,0000","5.410,0000","5.406,5000","5.406,5000","5.364,5000","3.414,0000","-5.028,0000","-1.614,0000"
"25/07/2022","13:51:32","5.411,5000","5.412,5000","5.409,0000","5.409,0000","5.364,5000","5.781,0000","-5.784,0000","-3,0000"
"25/07/2022","13:49:16","5.409,0000","5.411,5000","5.408,0000","5.411,5000","5.364,5000","2.905,0000","-2.827,0000","78,0000"
"25/07/2022","13:46:00","5.411,5000","5.412,5000","5.409,0000","5.409,0000","5.364,5000","4.500,0000","-3.802,0000","698,0000"
"25/07/2022","13:45:32","5.409,0000","5.411,5000","5.408,5000","5.411,5000","5.364,5000","2.905,0000","-421,0000","2.484,0000"
"25/07/2022","13:45:00","5.406,5000","5.409,0000","5.406,5000","5.409,0000","5.364,5000","1.532,0000","-448,0000","1.084,0000"
"25/07/2022","13:44:21","5.409,0000","5.409,0000","5.406,5000","5.406,5000","5.364,5000","742,0000","-1.178,0000","-436,0000"
"25/07/2022","13:41:41","5.406,5000","5.409,0000","5.406,0000","5.409,0000","5.364,5000","2.195,0000","-1.898,0000","297,0000"
"25/07/2022","13:34:51","5.409,0000","5.411,0000","5.406,5000","5.406,5000","5.364,5000","5.588,0000","-4.828,0000","760,0000"
"25/07/2022","13:32:24","5.406,5000","5.409,0000","5.406,5000","5.409,0000","5.364,5000","1.880,0000","-1.845,0000","35,0000"
"25/07/2022","13:32:12","5.409,0000","5.409,5000","5.406,5000","5.406,5000","5.364,5000","261,0000","-2.823,0000","-2.562,0000"
"25/07/2022","13:29:08","5.411,5000","5.413,0000","5.409,0000","5.409,0000","5.364,5000","3.106,0000","-6.185,0000","-3.079,0000"
"25/07/2022","13:18:49","5.414,0000","5.415,5000","5.411,5000","5.411,5000","5.364,5000","10.801,0000","-10.447,0000","354,0000"
"25/07/2022","13:17:30","5.411,5000","5.414,0000","5.411,5000","5.414,0000","5.364,5000","2.030,0000","-852,0000","1.178,0000"
"25/07/2022","13:15:47","5.414,0000","5.414,0000","5.411,5000","5.411,5000","5.364,5000","2.088,0000","-2.348,0000","-260,0000"
"25/07/2022","13:14:19","5.411,5000","5.414,0000","5.410,5000","5.414,0000","5.364,5000","6.090,0000","-2.823,0000","3.267,0000"
"25/07/2022","13:13:11","5.409,0000","5.411,5000","5.408,0000","5.411,5000","5.364,5000","5.201,0000","-1.450,0000","3.751,0000"
"25/07/2022","13:10:47","5.406,5000","5.409,0000","5.405,0000","5.409,0000","5.364,5000","4.098,0000","-4.904,0000","-806,0000"
"25/07/2022","13:09:16","5.409,0000","5.409,5000","5.406,5000","5.406,5000","5.364,5000","1.463,0000","-1.982,0000","-519,0000"
"25/07/2022","13:08:00","5.406,5000","5.409,0000","5.406,0000","5.409,0000","5.364,5000","2.461,0000","-1.641,0000","820,0000"
"25/07/2022","13:05:39","5.409,0000","5.410,0000","5.406,5000","5.406,5000","5.364,5000","5.139,0000","-3.099,0000","2.040,0000"
"25/07/2022","13:04:45","5.406,5000","5.409,0000","5.406,0000","5.409,0000","5.364,5000","2.909,0000","-3.378,0000","-469,0000"
"25/07/2022","13:03:18","5.409,0000","5.409,5000","5.406,5000","5.406,5000","5.364,5000","1.645,0000","-5.021,0000","-3.376,0000"
"25/07/2022","13:03:07","5.406,5000","5.409,0000","5.406,5000","5.409,0000","5.364,5000","1.924,0000","-420,0000","1.504,0000"
"25/07/2022","13:02:54","5.409,0000","5.410,0000","5.406,5000","5.406,5000","5.364,5000","310,0000","-2.884,0000","-2.574,0000"
"25/07/2022","13:02:08","5.411,5000","5.412,0000","5.409,0000","5.409,0000","5.364,5000","1.117,0000","-2.699,0000","-1.582,0000"
"25/07/2022","12:58:41","5.409,0000","5.411,5000","5.408,0000","5.411,5000","5.364,5000","8.956,0000","-7.366,0000","1.590,0000"
"25/07/2022","12:58:19","5.411,5000","5.412,0000","5.409,0000","5.409,0000","5.364,5000","1.175,0000","-3.536,0000","-2.361,0000"
"25/07/2022","12:55:25","5.414,0000","5.415,5000","5.411,5000","5.411,5000","5.364,5000","3.515,0000","-3.237,0000","278,0000"
"25/07/2022","12:53:51","5.411,5000","5.414,0000","5.411,0000","5.414,0000","5.364,5000","4.114,0000","-3.733,0000","381,0000"
"25/07/2022","12:50:24","5.414,0000","5.415,5000","5.411,5000","5.411,5000","5.364,5000","6.623,0000","-4.752,0000","1.871,0000"
"25/07/2022","12:43:43","5.411,5000","5.414,0000","5.409,5000","5.414,0000","5.364,5000","13.156,0000","-15.139,0000","-1.983,0000"
"25/07/2022","12:43:26","5.414,0000","5.414,5000","5.411,5000","5.411,5000","5.364,5000","429,0000","-2.429,0000","-2.000,0000"
"25/07/2022","12:42:38","5.416,5000","5.417,0000","5.414,0000","5.414,0000","5.364,5000","590,0000","-2.895,0000","-2.305,0000"
"25/07/2022","12:38:38","5.419,0000","5.420,5000","5.416,5000","5.416,5000","5.364,5000","5.118,0000","-5.437,0000","-319,0000"
"25/07/2022","12:36:21","5.416,5000","5.419,0000","5.415,5000","5.419,0000","5.364,5000","3.722,0000","-1.079,0000","2.643,0000"
"25/07/2022","12:35:06","5.414,0000","5.416,5000","5.413,5000","5.416,5000","5.364,5000","2.071,0000","-1.011,0000","1.060,0000"
"25/07/2022","12:34:10","5.416,5000","5.416,5000","5.414,0000","5.414,0000","5.364,5000","877,0000","-643,0000","234,0000"
"25/07/2022","12:30:40","5.414,0000","5.416,5000","5.412,5000","5.416,5000","5.364,5000","5.651,0000","-6.651,0000","-1.000,0000"
"25/07/2022","12:28:32","5.416,5000","5.417,0000","5.414,0000","5.414,0000","5.364,5000","1.945,0000","-4.053,0000","-2.108,0000"
"25/07/2022","12:26:20","5.419,0000","5.420,5000","5.416,5000","5.416,5000","5.364,5000","4.855,0000","-3.901,0000","954,0000"
"25/07/2022","12:23:14","5.416,5000","5.419,0000","5.414,5000","5.419,0000","5.364,5000","7.067,0000","-8.388,0000","-1.321,0000"
"25/07/2022","12:23:14","5.419,0000","5.419,5000","5.416,5000","5.416,5000","5.364,5000","0,0000","-2.522,0000","-2.522,0000"
"25/07/2022","12:21:03","5.421,5000","5.422,0000","5.419,0000","5.419,0000","5.364,5000","1.432,0000","-4.121,0000","-2.689,0000"
"25/07/2022","12:12:46","5.424,0000","5.425,0000","5.421,5000","5.421,5000","5.364,5000","10.150,0000","-8.012,0000","2.138,0000"
"25/07/2022","12:10:03","5.421,5000","5.424,0000","5.419,5000","5.424,0000","5.364,5000","5.138,0000","-5.572,0000","-434,0000"
"25/07/2022","12:08:20","5.424,0000","5.424,5000","5.421,5000","5.421,5000","5.364,5000","2.586,0000","-10.615,0000","-8.029,0000"
"25/07/2022","12:07:56","5.426,5000","5.426,5000","5.424,0000","5.424,0000","5.364,5000","653,0000","-1.341,0000","-688,0000"
"25/07/2022","12:05:45","5.424,0000","5.426,5000","5.423,0000","5.426,5000","5.364,5000","3.195,0000","-3.034,0000","161,0000"
"25/07/2022","12:05:16","5.426,5000","5.427,0000","5.424,0000","5.424,0000","5.364,5000","1.772,0000","-2.943,0000","-1.171,0000"
"25/07/2022","12:04:31","5.424,0000","5.426,5000","5.423,5000","5.426,5000","5.364,5000","3.876,0000","-1.849,0000","2.027,0000"
"25/07/2022","12:03:38","5.421,5000","5.424,0000","5.420,5000","5.424,0000","5.364,5000","1.328,0000","-1.289,0000","39,0000"
"25/07/2022","12:00:51","5.424,0000","5.426,0000","5.421,5000","5.421,5000","5.364,5000","9.223,0000","-12.305,0000","-3.082,0000"
"25/07/2022","11:58:47","5.421,5000","5.424,0000","5.420,5000","5.424,0000","5.364,5000","7.449,0000","-5.406,0000","2.043,0000"
"25/07/2022","11:58:25","5.424,0000","5.424,0000","5.421,5000","5.421,5000","5.364,5000","254,0000","-2.245,0000","-1.991,0000"
"25/07/2022","11:57:12","5.421,5000","5.424,0000","5.420,5000","5.424,0000","5.364,5000","2.185,0000","-4.363,0000","-2.178,0000"
"25/07/2022","11:55:48","5.424,0000","5.424,5000","5.421,5000","5.421,5000","5.364,5000","3.580,0000","-2.484,0000","1.096,0000"
"25/07/2022","11:52:20","5.421,5000","5.424,0000","5.419,5000","5.424,0000","5.364,5000","5.353,0000","-3.684,0000","1.669,0000"
"25/07/2022","11:51:14","5.419,0000","5.421,5000","5.418,5000","5.421,5000","5.364,5000","2.889,0000","-3.304,0000","-415,0000"
"25/07/2022","11:50:27","5.421,5000","5.423,5000","5.419,0000","5.419,0000","5.364,5000","2.566,0000","-3.804,0000","-1.238,0000"
"25/07/2022","11:48:05","5.424,0000","5.425,0000","5.421,5000","5.421,5000","5.364,5000","4.434,0000","-6.030,0000","-1.596,0000"
"25/07/2022","11:47:12","5.426,5000","5.427,0000","5.424,0000","5.424,0000","5.364,5000","3.137,0000","-2.790,0000","347,0000"
"25/07/2022","11:46:11","5.424,0000","5.426,5000","5.423,5000","5.426,5000","5.364,5000","4.958,0000","-2.485,0000","2.473,0000"
"25/07/2022","11:44:29","5.421,5000","5.424,0000","5.420,0000","5.424,0000","5.364,5000","5.646,0000","-7.550,0000","-1.904,0000"
"25/07/2022","11:44:15","5.419,0000","5.421,5000","5.419,0000","5.421,5000","5.364,5000","694,0000","-632,0000","62,0000"
"25/07/2022","11:44:01","5.421,5000","5.422,0000","5.419,0000","5.419,0000","5.364,5000","713,0000","-2.650,0000","-1.937,0000"
"25/07/2022","11:42:04","5.424,0000","5.425,0000","5.421,5000","5.421,5000","5.364,5000","4.775,0000","-11.912,0000","-7.137,0000"
"25/07/2022","11:40:09","5.421,5000","5.424,0000","5.419,5000","5.424,0000","5.364,5000","8.400,0000","-9.700,0000","-1.300,0000"
"25/07/2022","11:38:26","5.424,0000","5.425,5000","5.421,5000","5.421,5000","5.364,5000","7.270,0000","-10.995,0000","-3.725,0000"
"25/07/2022","11:37:50","5.421,5000","5.424,0000","5.420,5000","5.424,0000","5.364,5000","5.391,0000","-1.122,0000","4.269,0000"
"25/07/2022","11:37:19","5.419,0000","5.421,5000","5.418,0000","5.421,5000","5.364,5000","7.292,0000","-1.180,0000","6.112,0000"
"25/07/2022","11:36:23","5.416,5000","5.419,0000","5.416,0000","5.419,0000","5.364,5000","3.367,0000","-3.701,0000","-334,0000"
"25/07/2022","11:35:42","5.419,0000","5.420,5000","5.416,5000","5.416,5000","5.364,5000","4.723,0000","-4.341,0000","382,0000"
"25/07/2022","11:34:18","5.416,5000","5.419,0000","5.414,5000","5.419,0000","5.364,5000","9.955,0000","-4.529,0000","5.426,0000"
"25/07/2022","11:34:18","5.414,0000","5.416,5000","5.414,0000","5.416,5000","5.364,5000","4.084,0000","0,0000","4.084,0000"
"25/07/2022","11:34:04","5.411,5000","5.414,0000","5.410,0000","5.414,0000","5.364,5000","3.237,0000","-1.059,0000","2.178,0000"
"25/07/2022","11:33:46","5.409,0000","5.411,5000","5.408,5000","5.411,5000","5.364,5000","807,0000","-703,0000","104,0000"
"25/07/2022","11:33:08","5.411,5000","5.412,5000","5.409,0000","5.409,0000","5.364,5000","1.171,0000","-2.422,0000","-1.251,0000"
"25/07/2022","11:32:48","5.414,0000","5.414,5000","5.411,5000","5.411,5000","5.364,5000","487,0000","-1.044,0000","-557,0000"
"25/07/2022","11:32:41","5.411,5000","5.414,0000","5.411,0000","5.414,0000","5.364,5000","883,0000","-450,0000","433,0000"
"25/07/2022","11:31:26","5.414,0000","5.415,0000","5.411,5000","5.411,5000","5.364,5000","2.476,0000","-4.303,0000","-1.827,0000"
"25/07/2022","11:31:03","5.416,5000","5.416,5000","5.414,0000","5.414,0000","5.364,5000","1.777,0000","-1.466,0000","311,0000"
"25/07/2022","11:30:27","5.414,0000","5.416,5000","5.412,0000","5.416,5000","5.364,5000","4.656,0000","-1.030,0000","3.626,0000"
"25/07/2022","11:26:55","5.411,5000","5.414,0000","5.410,5000","5.414,0000","5.364,5000","16.222,0000","-10.310,0000","5.912,0000"
"25/07/2022","11:26:37","5.409,0000","5.411,5000","5.408,5000","5.411,5000","5.364,5000","3.628,0000","-2.557,0000","1.071,0000"
"25/07/2022","11:26:31","5.406,5000","5.409,0000","5.406,5000","5.409,0000","5.364,5000","742,0000","-223,0000","519,0000"
"25/07/2022","11:25:56","5.409,0000","5.410,0000","5.406,5000","5.406,5000","5.364,5000","2.261,0000","-5.595,0000","-3.334,0000"
"25/07/2022","11:25:48","5.411,5000","5.412,5000","5.409,0000","5.409,0000","5.364,5000","459,0000","-2.550,0000","-2.091,0000"
"25/07/2022","11:24:13","5.414,0000","5.415,0000","5.411,5000","5.411,5000","5.364,5000","1.256,0000","-3.397,0000","-2.141,0000"
"25/07/2022","11:23:08","5.416,5000","5.416,5000","5.414,0000","5.414,0000","5.364,5000","3.987,0000","-3.373,0000","614,0000"
"25/07/2022","11:22:25","5.414,0000","5.416,5000","5.413,0000","5.416,5000","5.364,5000","3.739,0000","-1.112,0000","2.627,0000"
"25/07/2022","11:20:27","5.411,5000","5.414,0000","5.409,5000","5.414,0000","5.364,5000","5.554,0000","-3.977,0000","1.577,0000"
"25/07/2022","11:20:06","5.414,0000","5.414,0000","5.411,5000","5.411,5000","5.364,5000","870,0000","-1.273,0000","-403,0000"
"25/07/2022","11:19:29","5.411,5000","5.414,0000","5.410,5000","5.414,0000","5.364,5000","1.519,0000","-1.370,0000","149,0000"
"25/07/2022","11:16:35","5.414,0000","5.416,0000","5.411,5000","5.411,5000","5.364,5000","8.109,0000","-8.256,0000","-147,0000"
"25/07/2022","11:16:07","5.411,5000","5.414,0000","5.411,0000","5.414,0000","5.364,5000","1.889,0000","-3.034,0000","-1.145,0000"
"25/07/2022","11:15:08","5.414,0000","5.415,0000","5.411,5000","5.411,5000","5.364,5000","5.763,0000","-4.705,0000","1.058,0000"
"25/07/2022","11:14:33","5.411,5000","5.414,0000","5.411,0000","5.414,0000","5.364,5000","3.334,0000","-1.049,0000","2.285,0000"
"25/07/2022","11:14:16","5.409,0000","5.411,5000","5.408,5000","5.411,5000","5.364,5000","3.715,0000","-1.216,0000","2.499,0000"
"25/07/2022","11:13:39","5.406,5000","5.409,0000","5.406,0000","5.409,0000","5.364,5000","3.024,0000","-3.054,0000","-30,0000"
"25/07/2022","11:13:27","5.409,0000","5.410,0000","5.406,5000","5.406,5000","5.364,5000","1.288,0000","-5.294,0000","-4.006,0000"
"25/07/2022","11:13:04","5.411,5000","5.412,0000","5.409,0000","5.409,0000","5.364,5000","821,0000","-3.761,0000","-2.940,0000"
"25/07/2022","11:11:23","5.414,0000","5.416,0000","5.411,5000","5.411,5000","5.364,5000","8.183,0000","-4.136,0000","4.047,0000"
"25/07/2022","11:08:07","5.411,5000","5.414,0000","5.410,5000","5.414,0000","5.364,5000","4.682,0000","-4.652,0000","30,0000"
"25/07/2022","11:08:04","5.414,0000","5.414,0000","5.411,5000","5.411,5000","5.364,5000","45,0000","-1.333,0000","-1.288,0000"
"25/07/2022","11:07:43","5.411,5000","5.414,0000","5.411,0000","5.414,0000","5.364,5000","1.149,0000","-579,0000","570,0000"
"25/07/2022","11:06:22","5.414,0000","5.415,0000","5.411,5000","5.411,5000","5.364,5000","5.813,0000","-5.713,0000","100,0000"
"25/07/2022","11:04:47","5.411,5000","5.414,0000","5.410,0000","5.414,0000","5.364,5000","6.289,0000","-3.222,0000","3.067,0000"
"25/07/2022","11:04:27","5.409,0000","5.411,5000","5.409,0000","5.411,5000","5.364,5000","1.311,0000","-1.321,0000","-10,0000"
"25/07/2022","11:02:54","5.411,5000","5.413,0000","5.409,0000","5.409,0000","5.364,5000","7.842,0000","-9.288,0000","-1.446,0000"
"25/07/2022","11:02:08","5.414,0000","5.415,5000","5.411,5000","5.411,5000","5.364,5000","2.752,0000","-3.912,0000","-1.160,0000"
"25/07/2022","11:01:45","5.416,5000","5.417,0000","5.414,0000","5.414,0000","5.364,5000","2.356,0000","-2.735,0000","-379,0000"
"25/07/2022","11:01:01","5.414,0000","5.416,5000","5.413,5000","5.416,5000","5.364,5000","2.639,0000","-1.916,0000","723,0000"
"25/07/2022","11:00:08","5.416,5000","5.417,0000","5.414,0000","5.414,0000","5.364,5000","2.783,0000","-2.486,0000","297,0000"
"25/07/2022","10:59:39","5.414,0000","5.416,5000","5.412,0000","5.416,5000","5.364,5000","7.682,0000","-4.547,0000","3.135,0000"
"25/07/2022","10:59:39","5.411,5000","5.414,0000","5.411,5000","5.414,0000","5.364,5000","20,0000","0,0000","20,0000"
"25/07/2022","10:59:39","5.414,0000","5.415,0000","5.411,5000","5.411,5000","5.364,5000","191,0000","-54,0000","137,0000"
"25/07/2022","10:59:39","5.411,5000","5.414,0000","5.411,0000","5.414,0000","5.364,5000","7,0000","-888,0000","-881,0000"
"25/07/2022","10:59:39","5.414,0000","5.414,5000","5.411,5000","5.411,5000","5.364,5000","0,0000","-3.335,0000","-3.335,0000"
"25/07/2022","10:59:18","5.416,5000","5.417,0000","5.414,0000","5.414,0000","5.364,5000","1.476,0000","-5.176,0000","-3.700,0000"
"25/07/2022","10:57:08","5.419,0000","5.421,0000","5.416,5000","5.416,5000","5.364,5000","9.408,0000","-5.648,0000","3.760,0000"
"25/07/2022","10:56:00","5.416,5000","5.419,0000","5.415,5000","5.419,0000","5.364,5000","6.143,0000","-4.708,0000","1.435,0000"
"25/07/2022","10:54:01","5.419,0000","5.420,0000","5.416,5000","5.416,5000","5.364,5000","9.199,0000","-11.394,0000","-2.195,0000"
"25/07/2022","10:52:36","5.421,5000","5.423,5000","5.419,0000","5.419,0000","5.364,5000","5.324,0000","-10.699,0000","-5.375,0000"
"25/07/2022","10:52:28","5.424,0000","5.424,5000","5.421,5000","5.421,5000","5.364,5000","247,0000","-3.446,0000","-3.199,0000"
"25/07/2022","10:52:00","5.426,5000","5.427,0000","5.424,0000","5.424,0000","5.364,5000","550,0000","-1.852,0000","-1.302,0000"
"25/07/2022","10:51:56","5.429,0000","5.429,0000","5.426,5000","5.426,5000","5.364,5000","404,0000","-964,0000","-560,0000"
"25/07/2022","10:50:37","5.426,5000","5.429,0000","5.424,5000","5.429,0000","5.364,5000","7.360,0000","-7.716,0000","-356,0000"
"25/07/2022","10:49:45","5.429,0000","5.430,5000","5.426,5000","5.426,5000","5.364,5000","6.366,0000","-8.550,0000","-2.184,0000"
"25/07/2022","10:49:36","5.431,5000","5.433,5000","5.429,0000","5.429,0000","5.364,5000","2.113,0000","-6.329,0000","-4.216,0000"
"25/07/2022","10:49:36","5.434,0000","5.434,5000","5.431,5000","5.431,5000","5.364,5000","0,0000","-3.470,0000","-3.470,0000"
"25/07/2022","10:49:06","5.436,5000","5.437,0000","5.434,0000","5.434,0000","5.364,5000","516,0000","-1.926,0000","-1.410,0000"
"25/07/2022","10:48:11","5.439,0000","5.439,0000","5.436,5000","5.436,5000","5.364,5000","1.029,0000","-1.317,0000","-288,0000"
"25/07/2022","10:46:38","5.436,5000","5.439,0000","5.435,0000","5.439,0000","5.364,5000","3.169,0000","-6.226,0000","-3.057,0000"
"25/07/2022","10:44:53","5.439,0000","5.440,0000","5.436,5000","5.436,5000","5.364,5000","3.127,0000","-8.986,0000","-5.859,0000"
"25/07/2022","10:42:28","5.441,5000","5.443,0000","5.439,0000","5.439,0000","5.364,5000","4.875,0000","-4.974,0000","-99,0000"
"25/07/2022","10:42:12","5.439,0000","5.441,5000","5.438,0000","5.441,5000","5.364,5000","1.694,0000","-2.871,0000","-1.177,0000"
"25/07/2022","10:40:45","5.441,5000","5.443,5000","5.439,0000","5.439,0000","5.364,5000","2.894,0000","-6.278,0000","-3.384,0000"
"25/07/2022","10:37:39","5.444,0000","5.446,0000","5.441,5000","5.441,5000","5.364,5000","5.805,0000","-5.160,0000","645,0000"
"25/07/2022","10:36:57","5.441,5000","5.444,0000","5.441,5000","5.444,0000","5.364,5000","1.672,0000","-1.485,0000","187,0000"
"25/07/2022","10:36:27","5.444,0000","5.445,0000","5.441,5000","5.441,5000","5.364,5000","2.151,0000","-1.330,0000","821,0000"
"25/07/2022","10:36:08","5.441,5000","5.444,0000","5.441,5000","5.444,0000","5.364,5000","1.259,0000","-1.271,0000","-12,0000"
"25/07/2022","10:35:46","5.444,0000","5.444,0000","5.441,5000","5.441,5000","5.364,5000","2.561,0000","-1.426,0000","1.135,0000"
"25/07/2022","10:35:28","5.441,5000","5.444,0000","5.440,5000","5.444,0000","5.364,5000","1.265,0000","-1.411,0000","-146,0000"
"25/07/2022","10:33:00","5.444,0000","5.445,5000","5.441,5000","5.441,5000","5.364,5000","7.534,0000","-6.232,0000","1.302,0000"
"25/07/2022","10:32:07","5.441,5000","5.444,0000","5.440,5000","5.444,0000","5.364,5000","4.790,0000","-1.407,0000","3.383,0000"
"25/07/2022","10:31:51","5.439,0000","5.441,5000","5.439,0000","5.441,5000","5.364,5000","953,0000","-213,0000","740,0000"
"25/07/2022","10:31:43","5.441,5000","5.441,5000","5.439,0000","5.439,0000","5.364,5000","292,0000","-649,0000","-357,0000"
"25/07/2022","10:30:45","5.439,0000","5.441,5000","5.437,5000","5.441,5000","5.364,5000","3.651,0000","-1.937,0000","1.714,0000"
"25/07/2022","10:30:30","5.436,5000","5.439,0000","5.436,0000","5.439,0000","5.364,5000","980,0000","-971,0000","9,0000"
"25/07/2022","10:29:41","5.439,0000","5.440,0000","5.436,5000","5.436,5000","5.364,5000","1.139,0000","-3.593,0000","-2.454,0000"
"25/07/2022","10:29:28","5.441,5000","5.441,5000","5.439,0000","5.439,0000","5.364,5000","172,0000","-232,0000","-60,0000"
"25/07/2022","10:29:19","5.439,0000","5.441,5000","5.439,0000","5.441,5000","5.364,5000","551,0000","-211,0000","340,0000"
"25/07/2022","10:28:49","5.441,5000","5.442,5000","5.439,0000","5.439,0000","5.364,5000","2.168,0000","-1.482,0000","686,0000"
"25/07/2022","10:26:58","5.439,0000","5.441,5000","5.437,5000","5.441,5000","5.364,5000","4.854,0000","-3.786,0000","1.068,0000"
"25/07/2022","10:26:09","5.441,5000","5.442,0000","5.439,0000","5.439,0000","5.364,5000","1.518,0000","-1.530,0000","-12,0000"
"25/07/2022","10:25:42","5.439,0000","5.441,5000","5.438,5000","5.441,5000","5.364,5000","1.985,0000","-1.961,0000","24,0000"
"25/07/2022","10:25:26","5.441,5000","5.442,5000","5.439,0000","5.439,0000","5.364,5000","1.043,0000","-4.304,0000","-3.261,0000"
"25/07/2022","10:24:14","5.444,0000","5.444,5000","5.441,5000","5.441,5000","5.364,5000","999,0000","-3.327,0000","-2.328,0000"
"25/07/2022","10:23:38","5.446,5000","5.447,0000","5.444,0000","5.444,0000","5.364,5000","1.027,0000","-1.241,0000","-214,0000"
"25/07/2022","10:22:32","5.444,0000","5.446,5000","5.443,0000","5.446,5000","5.364,5000","2.846,0000","-1.865,0000","981,0000"
"25/07/2022","10:21:46","5.446,5000","5.447,0000","5.444,0000","5.444,0000","5.364,5000","966,0000","-3.522,0000","-2.556,0000"
"25/07/2022","10:20:23","5.449,0000","5.451,0000","5.446,5000","5.446,5000","5.364,5000","6.988,0000","-4.530,0000","2.458,0000"
"25/07/2022","10:19:50","5.446,5000","5.449,0000","5.446,5000","5.449,0000","5.364,5000","1.804,0000","-2.094,0000","-290,0000"
"25/07/2022","10:19:46","5.449,0000","5.449,0000","5.446,5000","5.446,5000","5.364,5000","277,0000","-997,0000","-720,0000"
"25/07/2022","10:18:41","5.446,5000","5.449,0000","5.445,5000","5.449,0000","5.364,5000","7.451,0000","-4.470,0000","2.981,0000"
"25/07/2022","10:18:13","5.444,0000","5.446,5000","5.442,5000","5.446,5000","5.364,5000","2.715,0000","-5.145,0000","-2.430,0000"
"25/07/2022","10:18:07","5.446,5000","5.446,5000","5.444,0000","5.444,0000","5.364,5000","103,0000","-2.400,0000","-2.297,0000"
"25/07/2022","10:17:46","5.444,0000","5.446,5000","5.444,0000","5.446,5000","5.364,5000","1.025,0000","-548,0000","477,0000"
"25/07/2022","10:16:22","5.446,5000","5.447,0000","5.444,0000","5.444,0000","5.364,5000","3.662,0000","-6.390,0000","-2.728,0000"
"25/07/2022","10:15:24","5.444,0000","5.446,5000","5.443,5000","5.446,5000","5.364,5000","5.846,0000","-3.210,0000","2.636,0000"
"25/07/2022","10:14:40","5.441,5000","5.444,0000","5.439,5000","5.444,0000","5.364,5000","5.044,0000","-3.852,0000","1.192,0000"
"25/07/2022","10:14:37","5.439,0000","5.441,5000","5.439,0000","5.441,5000","5.364,5000","1.390,0000","-667,0000","723,0000"
"25/07/2022","10:14:28","5.441,5000","5.442,0000","5.439,0000","5.439,0000","5.364,5000","312,0000","-1.507,0000","-1.195,0000"
"25/07/2022","10:14:16","5.444,0000","5.444,0000","5.441,5000","5.441,5000","5.364,5000","1.069,0000","-2.735,0000","-1.666,0000"
"25/07/2022","10:14:12","5.441,5000","5.444,0000","5.441,0000","5.444,0000","5.364,5000","3.876,0000","-1.238,0000","2.638,0000"
"25/07/2022","10:13:59","5.439,0000","5.441,5000","5.438,5000","5.441,5000","5.364,5000","3.670,0000","-502,0000","3.168,0000"
"25/07/2022","10:12:06","5.436,5000","5.439,0000","5.435,0000","5.439,0000","5.364,5000","7.256,0000","-6.342,0000","914,0000"
"25/07/2022","10:10:50","5.439,0000","5.441,0000","5.436,5000","5.436,5000","5.364,5000","4.480,0000","-6.720,0000","-2.240,0000"
"25/07/2022","10:09:36","5.441,5000","5.442,0000","5.439,0000","5.439,0000","5.364,5000","3.994,0000","-2.980,0000","1.014,0000"
"25/07/2022","10:09:02","5.439,0000","5.441,5000","5.438,0000","5.441,5000","5.364,5000","2.749,0000","-3.736,0000","-987,0000"
"25/07/2022","10:07:40","5.441,5000","5.442,5000","5.439,0000","5.439,0000","5.364,5000","4.582,0000","-8.263,0000","-3.681,0000"
"25/07/2022","10:07:14","5.444,0000","5.444,5000","5.441,5000","5.441,5000","5.364,5000","1.631,0000","-1.478,0000","153,0000"
"25/07/2022","10:07:00","5.441,5000","5.444,0000","5.441,5000","5.444,0000","5.364,5000","1.403,0000","-353,0000","1.050,0000"
"25/07/2022","10:05:45","5.444,0000","5.445,5000","5.441,5000","5.441,5000","5.364,5000","2.197,0000","-5.248,0000","-3.051,0000"
"25/07/2022","10:04:50","5.446,5000","5.448,0000","5.444,0000","5.444,0000","5.364,5000","5.442,0000","-4.994,0000","448,0000"
"25/07/2022","10:04:37","5.444,0000","5.446,5000","5.443,0000","5.446,5000","5.364,5000","2.586,0000","-3.590,0000","-1.004,0000"
"25/07/2022","10:04:00","5.446,5000","5.447,0000","5.444,0000","5.444,0000","5.364,5000","2.465,0000","-4.409,0000","-1.944,0000"
"25/07/2022","10:03:54","5.449,0000","5.449,5000","5.446,5000","5.446,5000","5.364,5000","44,0000","-1.352,0000","-1.308,0000"
"25/07/2022","10:03:54","5.451,5000","5.451,5000","5.449,0000","5.449,0000","5.364,5000","117,0000","-1.191,0000","-1.074,0000"
"25/07/2022","10:03:16","5.449,0000","5.451,5000","5.448,5000","5.451,5000","5.364,5000","2.740,0000","-2.639,0000","101,0000"
"25/07/2022","10:02:48","5.451,5000","5.452,0000","5.449,0000","5.449,0000","5.364,5000","2.782,0000","-3.209,0000","-427,0000"
"25/07/2022","10:01:44","5.449,0000","5.451,5000","5.448,0000","5.451,5000","5.364,5000","6.888,0000","-3.618,0000","3.270,0000"
"25/07/2022","10:00:58","5.446,5000","5.449,0000","5.444,5000","5.449,0000","5.364,5000","6.512,0000","-8.789,0000","-2.277,0000"
"25/07/2022","10:00:38","5.449,0000","5.449,5000","5.446,5000","5.446,5000","5.364,5000","1.177,0000","-5.108,0000","-3.931,0000"
"25/07/2022","10:00:02","5.451,5000","5.452,5000","5.449,0000","5.449,0000","5.364,5000","2.203,0000","-9.163,0000","-6.960,0000"
"25/07/2022","09:58:19","5.454,0000","5.456,0000","5.451,5000","5.451,5000","5.364,5000","3.340,0000","-9.119,0000","-5.779,0000"
"25/07/2022","09:57:44","5.456,5000","5.457,5000","5.454,0000","5.454,0000","5.364,5000","1.827,0000","-1.986,0000","-159,0000"
"25/07/2022","09:57:07","5.454,0000","5.456,5000","5.454,0000","5.456,5000","5.364,5000","2.857,0000","-2.459,0000","398,0000"
"25/07/2022","09:56:54","5.456,5000","5.457,0000","5.454,0000","5.454,0000","5.364,5000","866,0000","-5.549,0000","-4.683,0000"
"25/07/2022","09:52:00","5.459,0000","5.461,0000","5.456,5000","5.456,5000","5.364,5000","10.109,0000","-13.997,0000","-3.888,0000"
"25/07/2022","09:50:46","5.461,5000","5.462,5000","5.459,0000","5.459,0000","5.364,5000","4.527,0000","-4.378,0000","149,0000"
"25/07/2022","09:50:25","5.459,0000","5.461,5000","5.458,0000","5.461,5000","5.364,5000","3.049,0000","-2.854,0000","195,0000"
"25/07/2022","09:50:02","5.461,5000","5.462,0000","5.459,0000","5.459,0000","5.364,5000","1.281,0000","-3.904,0000","-2.623,0000"
"25/07/2022","09:49:02","5.464,0000","5.465,0000","5.461,5000","5.461,5000","5.364,5000","1.874,0000","-4.710,0000","-2.836,0000"
"25/07/2022","09:48:23","5.466,5000","5.467,0000","5.464,0000","5.464,0000","5.364,5000","2.108,0000","-2.818,0000","-710,0000"
"25/07/2022","09:47:14","5.464,0000","5.466,5000","5.463,5000","5.466,5000","5.364,5000","7.012,0000","-5.361,0000","1.651,0000"
"25/07/2022","09:46:51","5.461,5000","5.464,0000","5.461,0000","5.464,0000","5.364,5000","2.048,0000","-842,0000","1.206,0000"
"25/07/2022","09:46:47","5.459,0000","5.461,5000","5.459,0000","5.461,5000","5.364,5000","1.377,0000","-422,0000","955,0000"
"25/07/2022","09:45:08","5.461,5000","5.463,0000","5.459,0000","5.459,0000","5.364,5000","1.907,0000","-4.754,0000","-2.847,0000"
"25/07/2022","09:43:10","5.464,0000","5.464,5000","5.461,5000","5.461,5000","5.364,5000","3.259,0000","-2.285,0000","974,0000"
"25/07/2022","09:40:35","5.461,5000","5.464,0000","5.460,0000","5.464,0000","5.364,5000","10.149,0000","-6.542,0000","3.607,0000"
"25/07/2022","09:39:52","5.459,0000","5.461,5000","5.458,0000","5.461,5000","5.364,5000","1.616,0000","-1.216,0000","400,0000"
"25/07/2022","09:39:32","5.461,5000","5.462,0000","5.459,0000","5.459,0000","5.364,5000","868,0000","-1.323,0000","-455,0000"
"25/07/2022","09:38:14","5.459,0000","5.461,5000","5.458,0000","5.461,5000","5.364,5000","3.808,0000","-3.002,0000","806,0000"
"25/07/2022","09:37:53","5.456,5000","5.459,0000","5.456,5000","5.459,0000","5.364,5000","1.353,0000","-554,0000","799,0000"
"25/07/2022","09:37:46","5.459,0000","5.459,0000","5.456,5000","5.456,5000","5.364,5000","150,0000","-2.544,0000","-2.394,0000"
"25/07/2022","09:36:05","5.461,5000","5.462,5000","5.459,0000","5.459,0000","5.364,5000","4.161,0000","-5.237,0000","-1.076,0000"
"25/07/2022","09:35:50","5.459,0000","5.461,5000","5.458,5000","5.461,5000","5.364,5000","3.561,0000","-470,0000","3.091,0000"
"25/07/2022","09:34:52","5.456,5000","5.459,0000","5.456,0000","5.459,0000","5.364,5000","3.867,0000","-3.563,0000","304,0000"
"25/07/2022","09:34:11","5.459,0000","5.460,0000","5.456,5000","5.456,5000","5.364,5000","2.041,0000","-6.476,0000","-4.435,0000"
"25/07/2022","09:33:32","5.461,5000","5.463,0000","5.459,0000","5.459,0000","5.364,5000","1.302,0000","-6.813,0000","-5.511,0000"
"25/07/2022","09:31:28","5.464,0000","5.466,0000","5.461,5000","5.461,5000","5.364,5000","6.570,0000","-6.588,0000","-18,0000"
"25/07/2022","09:30:10","5.461,5000","5.464,0000","5.461,0000","5.464,0000","5.364,5000","3.578,0000","-3.846,0000","-268,0000"
"25/07/2022","09:26:53","5.464,0000","5.465,0000","5.461,5000","5.461,5000","5.364,5000","6.782,0000","-9.674,0000","-2.892,0000"
"25/07/2022","09:26:15","5.466,5000","5.467,0000","5.464,0000","5.464,0000","5.364,5000","1.366,0000","-4.668,0000","-3.302,0000"
"25/07/2022","09:25:27","5.469,0000","5.469,5000","5.466,5000","5.466,5000","5.364,5000","1.839,0000","-1.952,0000","-113,0000"
"25/07/2022","09:22:34","5.466,5000","5.469,0000","5.465,5000","5.469,0000","5.364,5000","9.810,0000","-6.502,0000","3.308,0000"
"25/07/2022","09:21:23","5.469,0000","5.470,0000","5.466,5000","5.466,5000","5.364,5000","2.921,0000","-7.109,0000","-4.188,0000"
"25/07/2022","09:20:00","5.471,5000","5.473,5000","5.469,0000","5.469,0000","5.364,5000","3.429,0000","-8.148,0000","-4.719,0000"
"25/07/2022","09:19:41","5.474,0000","5.474,5000","5.471,5000","5.471,5000","5.364,5000","340,0000","-3.153,0000","-2.813,0000"
"25/07/2022","09:19:02","5.476,5000","5.477,0000","5.474,0000","5.474,0000","5.364,5000","901,0000","-1.316,0000","-415,0000"
"25/07/2022","09:18:10","5.474,0000","5.476,5000","5.473,0000","5.476,5000","5.364,5000","1.874,0000","-2.047,0000","-173,0000"
"25/07/2022","09:17:12","5.476,5000","5.477,0000","5.474,0000","5.474,0000","5.364,5000","1.548,0000","-2.332,0000","-784,0000"
"25/07/2022","09:16:08","5.474,0000","5.476,5000","5.474,0000","5.476,5000","5.364,5000","1.831,0000","-1.065,0000","766,0000"
"25/07/2022","09:13:51","5.476,5000","5.478,0000","5.474,0000","5.474,0000","5.364,5000","4.715,0000","-4.427,0000","288,0000"
"25/07/2022","09:12:05","5.474,0000","5.476,5000","5.472,0000","5.476,5000","5.364,5000","6.134,0000","-4.943,0000","1.191,0000"
"25/07/2022","09:06:22","5.476,5000","5.478,5000","5.474,0000","5.474,0000","5.364,5000","9.484,0000","-12.813,0000","-3.329,0000"
"25/07/2022","09:06:11","5.479,0000","5.479,0000","5.476,5000","5.476,5000","5.364,5000","155,0000","-582,0000","-427,0000"
"25/07/2022","09:05:25","5.476,5000","5.479,0000","5.476,0000","5.479,0000","5.364,5000","1.409,0000","-1.658,0000","-249,0000"
"25/07/2022","09:05:13","5.479,0000","5.479,5000","5.476,5000","5.476,5000","5.364,5000","325,0000","-2.529,0000","-2.204,0000"
"25/07/2022","09:02:35","5.481,5000","5.483,0000","5.479,0000","5.479,0000","5.364,5000","4.909,0000","-6.518,0000","-1.609,0000"
"25/07/2022","09:01:30","5.484,0000","5.485,5000","5.481,5000","5.481,5000","5.364,5000","4.019,0000","-4.118,0000","-99,0000"
"25/07/2022","09:01:18","5.486,5000","5.487,0000","5.484,0000","5.484,0000","5.364,5000","1.461,0000","-1.287,0000","174,0000"
"25/07/2022","09:00:58","5.484,0000","5.486,5000","5.482,0000","5.486,5000","5.364,5000","4.720,0000","-2.448,0000","2.272,0000"
"25/07/2022","09:00:57","5.481,5000","5.484,0000","5.481,5000","5.484,0000","5.364,5000","236,0000","-65,0000","171,0000"
"25/07/2022","09:00:55","5.484,0000","5.484,0000","5.481,5000","5.481,5000","5.364,5000","408,0000","-481,0000","-73,0000"
"25/07/2022","09:00:48","5.481,5000","5.484,0000","5.480,0000","5.484,0000","5.364,5000","1.497,0000","-955,0000","542,0000"
"25/07/2022","09:00:47","5.479,0000","5.481,5000","5.478,0000","5.481,5000","5.364,5000","550,0000","-334,0000","216,0000"
"25/07/2022","09:00:47","5.481,5000","5.481,5000","5.479,0000","5.479,0000","5.364,5000","306,0000","-179,0000","127,0000"
"25/07/2022","09:00:46","5.479,0000","5.481,5000","5.478,0000","5.481,5000","5.364,5000","231,0000","-261,0000","-30,0000"
"25/07/2022","09:00:45","5.481,5000","5.483,5000","5.479,0000","5.479,0000","5.364,5000","429,0000","-818,0000","-389,0000"
"25/07/2022","09:00:45","5.484,0000","5.484,5000","5.481,5000","5.481,5000","5.364,5000","27,0000","-6,0000","21,0000"
"25/07/2022","09:00:45","5.481,5000","5.484,0000","5.481,5000","5.484,0000","5.364,5000","114,0000","-59,0000","55,0000"


